id,user_id,total_price,status,created_at
1,173,5267086.5,completed,9/16/2025
2,173,879064.4,completed,7/24/2025
3,192,1785058.5,pending,2/14/2026
4,35,1551901.67,pending,10/11/2025
5,139,392319.66,paid,5/23/2025
6,196,5465731.61,cancelled,8/30/2025
7,150,3505348.07,shipped,6/21/2025
8,50,380180.55,cancelled,10/3/2025
9,87,4155618.59,pending,5/7/2025
10,100,2920471.1,paid,12/4/2025
11,20,3775906,shipped,9/9/2025
12,129,4728454.42,pending,12/29/2025
13,22,3921143.5,pending,7/24/2025
14,13,3911747.82,completed,11/6/2025
15,17,3281423.25,completed,8/15/2025
16,36,4865818.45,paid,4/3/2025
17,40,3093331.05,paid,3/11/2025
18,53,2192822.88,completed,6/13/2025
19,94,4981800.77,completed,4/16/2025
20,32,3339975.75,pending,9/22/2025
21,10,5217373.52,pending,6/4/2025
22,131,348830.79,cancelled,4/29/2025
23,49,5082319.09,cancelled,9/9/2025
24,193,1696295.91,paid,2/11/2026
25,125,440321.31,shipped,4/20/2025
26,121,1672858.21,pending,12/9/2025
27,68,4893357.35,cancelled,3/9/2025
28,1,4680619.98,cancelled,1/26/2026
29,86,5216247.6,cancelled,9/1/2025
30,168,508869.07,shipped,2/15/2026
31,129,4263315.85,paid,7/23/2025
32,39,3973176.51,pending,1/12/2026
33,121,4861285.45,paid,6/28/2025
34,62,1648905.83,cancelled,5/3/2025
35,105,5894168.59,completed,2/19/2026
36,9,3998782.44,pending,10/28/2025
37,74,464806.87,pending,8/9/2025
38,104,5628684.86,paid,3/2/2025
39,42,1061595.57,paid,2/2/2026
40,49,5892366.14,shipped,1/19/2026
41,62,3145395.21,pending,2/9/2026
42,51,936489.78,cancelled,4/21/2025
43,49,2045135.35,shipped,7/7/2025
44,121,982041.54,completed,2/22/2026
45,114,1752819.03,completed,10/12/2025
46,7,1897790.38,shipped,3/3/2025
47,200,343144.77,pending,4/7/2025
48,71,2287700.82,paid,12/16/2025
49,108,2601698.78,cancelled,1/19/2026
50,124,4036681.07,paid,11/24/2025
51,104,2464044.1,cancelled,8/29/2025
52,115,292828.9,completed,1/4/2026
53,28,2513438.13,shipped,3/9/2025
54,25,5861352.53,paid,5/22/2025
55,197,3075403.21,paid,4/6/2025
56,55,3818321.99,completed,8/1/2025
57,145,1491856.3,completed,6/5/2025
58,143,2401337.48,completed,5/20/2025
59,123,1868787.41,completed,12/9/2025
60,112,217814.07,completed,9/1/2025
61,93,1245178.19,paid,11/25/2025
62,63,4921238.67,completed,2/26/2025
63,60,5108055.54,paid,6/23/2025
64,124,5450656.75,cancelled,12/30/2025
65,197,5142258.15,completed,2/15/2026
66,48,1877806.37,paid,11/8/2025
67,184,5973372.12,paid,12/6/2025
68,199,1557504.8,paid,1/24/2026
69,27,3822827.43,pending,7/20/2025
70,20,314340.03,completed,3/7/2025
71,155,1319266.85,completed,10/2/2025
72,119,5142201.04,paid,6/22/2025
73,85,2611954.29,completed,6/3/2025
74,183,2254976.68,pending,1/11/2026
75,95,2131851.4,pending,9/24/2025
76,139,963925.59,cancelled,5/20/2025
77,170,3664218.93,pending,11/23/2025
78,24,4264387.44,pending,6/19/2025
79,62,306268.82,paid,8/28/2025
80,96,1291414.74,shipped,4/2/2025
81,156,5019217.01,pending,1/21/2026
82,197,629118.42,shipped,12/26/2025
83,29,741486.04,completed,9/1/2025
84,13,5116869.49,completed,5/15/2025
85,40,2386419.86,pending,2/17/2026
86,119,4187045.34,pending,8/24/2025
87,3,3854999.53,paid,11/6/2025
88,199,5282647.37,pending,8/26/2025
89,131,1378886.66,pending,8/24/2025
90,164,364256.07,pending,2/2/2026
91,29,967224.65,cancelled,2/3/2026
92,51,3246908.81,completed,11/11/2025
93,77,793430.84,shipped,2/20/2026
94,5,4357685.47,completed,4/11/2025
95,187,5604035.61,paid,3/27/2025
96,167,5935972.81,pending,11/13/2025
97,187,2619328.16,pending,3/5/2025
98,125,3334276.82,cancelled,4/12/2025
99,146,581315.82,cancelled,6/30/2025
100,147,1750444.14,paid,7/25/2025
101,31,3177176.79,completed,2/1/2026
102,127,3158073.58,completed,4/14/2025
103,37,683925.36,paid,2/21/2026
104,79,5441416.19,completed,1/2/2026
105,137,4092350.57,paid,7/9/2025
106,84,5801339.7,paid,9/19/2025
107,84,2939618.4,cancelled,4/13/2025
108,38,2626598.3,pending,10/8/2025
109,46,1053574.42,cancelled,12/28/2025
110,75,4808276.65,shipped,2/20/2026
111,76,3806798.49,pending,9/22/2025
112,80,1614815.24,cancelled,6/5/2025
113,139,354815.03,paid,11/12/2025
114,72,1699468.12,cancelled,12/16/2025
115,131,3905298.53,pending,4/8/2025
116,134,5605091.59,cancelled,10/23/2025
117,137,5410110.34,shipped,8/6/2025
118,195,3619145.78,cancelled,2/14/2026
119,62,2229474.69,pending,3/13/2025
120,198,3756501.49,shipped,10/17/2025
121,16,4200763.56,cancelled,8/22/2025
122,36,5304710.33,cancelled,3/16/2025
123,144,1881252.95,pending,2/2/2026
124,80,3279784.44,completed,4/29/2025
125,37,5205866.05,pending,9/22/2025
126,9,4041645.85,shipped,3/6/2025
127,148,1554650.75,completed,7/21/2025
128,17,4026865.21,cancelled,12/6/2025
129,183,5461924,shipped,5/6/2025
130,7,2545079.58,completed,1/19/2026
131,62,4893949.03,completed,9/24/2025
132,154,798814.11,cancelled,2/24/2026
133,192,5451338.25,completed,6/30/2025
134,8,4551985.06,paid,9/18/2025
135,113,1782823.02,completed,8/23/2025
136,20,2627856.44,shipped,7/1/2025
137,78,444946.21,paid,9/12/2025
138,22,3168893.08,cancelled,12/13/2025
139,148,1752220.57,paid,1/27/2026
140,151,1120696.31,completed,4/11/2025
141,126,1609761.42,shipped,3/9/2025
142,117,3140183.28,pending,7/22/2025
143,5,3750095.6,shipped,2/28/2025
144,6,1900174.95,pending,1/7/2026
145,105,3834229.97,paid,4/27/2025
146,51,166489.04,completed,12/1/2025
147,14,5313384.14,completed,11/14/2025
148,49,1054684.13,cancelled,12/30/2025
149,73,4392308.93,paid,3/18/2025
150,100,2949344.38,shipped,7/5/2025
151,123,4259487.95,cancelled,7/9/2025
152,14,154693.21,shipped,1/18/2026
153,70,5577135.84,cancelled,1/31/2026
154,11,3347425.28,completed,3/19/2025
155,3,4142513.97,cancelled,9/6/2025
156,52,494664.16,shipped,1/15/2026
157,141,724873.71,completed,1/5/2026
158,143,1535716.22,pending,8/30/2025
159,72,872774.03,pending,5/27/2025
160,186,2493282.12,pending,1/18/2026
161,13,5649942.73,pending,12/13/2025
162,31,4857733.15,completed,4/22/2025
163,129,1440760.38,paid,1/20/2026
164,192,5171123.02,shipped,8/27/2025
165,110,4073278.29,shipped,10/4/2025
166,179,5470245.12,completed,12/8/2025
167,99,692432.79,paid,6/18/2025
168,30,5904584.11,cancelled,12/11/2025
169,2,1359234.98,shipped,1/10/2026
170,133,4482464.8,cancelled,2/21/2026
171,103,2047704.86,cancelled,8/16/2025
172,3,5667589.62,pending,1/3/2026
173,166,507466.75,shipped,4/11/2025
174,38,2225700.31,cancelled,6/10/2025
175,162,3703768.25,paid,2/8/2026
176,152,860839.09,cancelled,4/11/2025
177,66,4672236.86,shipped,1/21/2026
178,141,3224977.94,paid,11/7/2025
179,8,5739148.29,pending,7/15/2025
180,52,1584923.83,completed,1/1/2026
181,106,1919515.53,shipped,11/3/2025
182,66,1524753.08,cancelled,1/24/2026
183,118,3656430.9,shipped,1/26/2026
184,60,1209812.87,shipped,9/22/2025
185,178,5430085.01,completed,7/18/2025
186,145,630399.56,paid,11/11/2025
187,54,5010985.87,cancelled,12/23/2025
188,76,5434957.99,paid,12/26/2025
189,1,1815446.18,shipped,9/18/2025
190,168,3035866.24,shipped,3/30/2025
191,53,2027437.2,completed,11/30/2025
192,194,5212805.74,completed,3/16/2025
193,3,4709023.34,paid,4/25/2025
194,166,2932834.22,shipped,11/3/2025
195,153,2964945.83,cancelled,5/31/2025
196,87,357342.25,pending,3/10/2025
197,12,3078165.15,paid,10/16/2025
198,63,2850518.55,pending,2/25/2025
199,20,688016.96,completed,1/13/2026
200,140,4598289.06,cancelled,10/3/2025
201,130,863468.6,shipped,2/1/2026
202,152,868829.25,pending,2/9/2026
203,160,150787.82,completed,2/19/2026
204,141,5666631.86,pending,5/13/2025
205,86,2124953.75,paid,10/26/2025
206,75,5368192.7,cancelled,8/10/2025
207,54,2363365.03,pending,2/12/2026
208,86,1129039.29,paid,7/11/2025
209,127,1816327.29,cancelled,2/2/2026
210,89,2253986.28,cancelled,2/24/2026
211,122,2261897.6,cancelled,4/3/2025
212,128,3254158.26,cancelled,5/16/2025
213,150,3127495.15,cancelled,7/5/2025
214,15,3868915.24,cancelled,9/12/2025
215,84,2128895.13,cancelled,5/26/2025
216,8,3092534.84,cancelled,6/14/2025
217,166,1026857.52,shipped,6/22/2025
218,123,4649489.52,cancelled,7/31/2025
219,114,3904260.38,pending,4/17/2025
220,44,671298.68,cancelled,1/29/2026
221,46,2909771.7,shipped,4/2/2025
222,165,3913411.94,cancelled,9/30/2025
223,33,4071767.3,completed,6/13/2025
224,189,5835457.13,cancelled,8/17/2025
225,149,5192840.87,pending,9/27/2025
226,19,3918380.13,shipped,7/10/2025
227,11,1938898.48,pending,8/9/2025
228,34,5681135.76,cancelled,8/30/2025
229,76,2663461.8,completed,4/28/2025
230,56,1548906.56,cancelled,7/15/2025
231,91,4920376.37,paid,5/7/2025
232,148,3205128.16,cancelled,7/15/2025
233,124,605886.58,cancelled,7/16/2025
234,63,872342.76,paid,3/2/2025
235,171,1415699.97,cancelled,8/1/2025
236,44,2727301.5,paid,10/28/2025
237,43,1034596.39,pending,12/22/2025
238,5,3756972.03,completed,10/2/2025
239,71,522869.38,cancelled,4/17/2025
240,134,2741446.08,paid,6/12/2025
241,179,5750302.4,completed,12/9/2025
242,90,960663.02,completed,5/3/2025
243,153,574724.5,pending,11/8/2025
244,79,3421883.59,paid,11/15/2025
245,171,404064.76,paid,5/9/2025
246,110,316122.56,paid,3/24/2025
247,132,2664386.06,completed,4/10/2025
248,82,185427.24,cancelled,3/5/2025
249,31,5854389.79,paid,6/10/2025
250,13,2715635.98,shipped,12/6/2025
251,142,5137804.49,pending,1/19/2026
252,67,5263971.47,shipped,4/21/2025
253,37,5520397.95,cancelled,12/19/2025
254,92,2109336.51,completed,11/5/2025
255,43,4882685.27,paid,5/29/2025
256,15,2258201.76,pending,5/22/2025
257,105,5966057.14,completed,3/3/2025
258,96,2446056.04,shipped,7/3/2025
259,142,3102148.76,shipped,9/16/2025
260,60,5274863.48,completed,8/8/2025
261,132,3454840.81,shipped,9/8/2025
262,32,2841261.55,paid,9/21/2025
263,148,1089952.33,completed,7/5/2025
264,95,378182.77,cancelled,1/25/2026
265,19,966805.99,paid,8/24/2025
266,27,1032570.82,paid,10/18/2025
267,96,3632564.82,shipped,11/23/2025
268,85,1671667.05,cancelled,11/16/2025
269,54,2991079.39,cancelled,10/10/2025
270,51,5519872.53,completed,8/6/2025
271,185,4436992.95,shipped,6/15/2025
272,23,4384286.5,completed,3/29/2025
273,191,2581521.42,pending,12/15/2025
274,185,2884782.13,cancelled,2/1/2026
275,186,2402256.75,cancelled,10/29/2025
276,50,2065763.4,pending,3/13/2025
277,121,3186398.09,completed,4/25/2025
278,5,5751520.75,shipped,11/8/2025
279,148,1985176.43,pending,4/19/2025
280,87,2578396.2,shipped,11/4/2025
281,165,4041989.49,completed,10/4/2025
282,7,2400702.42,completed,6/3/2025
283,164,460566.57,cancelled,2/3/2026
284,104,4097711.88,pending,2/17/2026
285,47,2943037.63,paid,8/23/2025
286,138,2332256.53,paid,4/3/2025
287,67,5216895.77,completed,5/19/2025
288,144,4042534.97,completed,9/19/2025
289,41,5289885.88,paid,7/18/2025
290,185,3955628.79,completed,1/6/2026
291,121,317931.2,pending,9/21/2025
292,137,957036.1,shipped,6/21/2025
293,13,4808934.34,paid,1/5/2026
294,174,4635522.6,cancelled,3/26/2025
295,124,327912.54,completed,7/21/2025
296,72,2909659.57,completed,6/9/2025
297,54,499908.51,pending,3/30/2025
298,157,2822043.82,pending,8/31/2025
299,168,5801538.47,shipped,6/13/2025
300,89,4747723.21,pending,5/4/2025
301,4,4266275.09,paid,10/20/2025
302,151,5333578.71,pending,6/5/2025
303,47,2328616.76,shipped,12/23/2025
304,8,4892830.94,shipped,10/20/2025
305,89,889468.88,pending,6/4/2025
306,48,245387.32,completed,7/27/2025
307,189,5051748.87,paid,3/8/2025
308,82,2687139.59,paid,5/7/2025
309,176,3050503.03,completed,5/5/2025
310,98,3638289.27,shipped,2/12/2026
311,98,1131778.66,completed,1/23/2026
312,93,1565761.85,paid,2/22/2026
313,129,4364236.13,cancelled,2/23/2026
314,183,3499410.99,pending,11/1/2025
315,3,2611100.48,shipped,2/28/2025
316,198,5908096.63,pending,8/18/2025
317,20,1378303.02,cancelled,4/11/2025
318,120,911994.21,cancelled,11/16/2025
319,174,1374084.16,cancelled,5/21/2025
320,170,1032191.91,shipped,9/19/2025
321,131,4462515.99,pending,6/26/2025
322,49,5169653.83,cancelled,2/12/2026
323,102,3481745.87,pending,2/10/2026
324,64,4162336.77,paid,5/15/2025
325,66,3756985.81,shipped,12/12/2025
326,52,592120.59,paid,4/25/2025
327,157,2031563.33,paid,8/25/2025
328,27,5659706.33,shipped,1/4/2026
329,63,3699614.67,pending,7/4/2025
330,15,1269358.59,paid,9/18/2025
331,64,4256699.28,completed,5/31/2025
332,196,5355941.26,shipped,7/24/2025
333,196,4633427.73,pending,10/7/2025
334,165,574594.04,cancelled,9/28/2025
335,120,5351151.22,paid,6/16/2025
336,60,4892666.88,shipped,11/5/2025
337,57,3908437.06,paid,2/28/2025
338,96,987999.92,cancelled,1/19/2026
339,23,556633.24,completed,9/14/2025
340,66,3223458.91,paid,8/22/2025
341,190,350690.62,cancelled,8/6/2025
342,72,4002456.41,pending,1/18/2026
343,8,1999256.5,paid,5/1/2025
344,4,2183720.56,paid,5/22/2025
345,118,3426280.35,pending,6/14/2025
346,175,1879020.38,paid,7/7/2025
347,50,4069472.11,cancelled,10/21/2025
348,107,1684357.9,pending,12/21/2025
349,41,2222228.24,pending,12/10/2025
350,9,4507486.22,cancelled,6/10/2025
351,193,3283481.48,completed,11/4/2025
352,71,2014236.75,completed,12/26/2025
353,52,5234632.78,cancelled,3/19/2025
354,123,605995.81,shipped,7/18/2025
355,19,2103830.79,shipped,9/25/2025
356,141,5626309.55,completed,7/21/2025
357,151,3057373.67,paid,9/10/2025
358,152,2198437.36,cancelled,3/11/2025
359,51,3154021.54,paid,12/12/2025
360,191,2034876.82,paid,2/10/2026
361,45,4455517.35,cancelled,11/20/2025
362,192,1539094.19,pending,2/7/2026
363,12,953332.44,cancelled,6/15/2025
364,7,831596.3,pending,7/1/2025
365,19,621785.08,pending,12/2/2025
366,20,732916.74,shipped,1/3/2026
367,52,1056442.22,completed,2/28/2025
368,125,5580364.09,paid,7/18/2025
369,144,4302494.45,cancelled,11/14/2025
370,191,543853.04,cancelled,1/11/2026
371,136,4094140.3,completed,9/30/2025
372,15,1495322.04,cancelled,5/11/2025
373,148,1512178.96,pending,1/23/2026
374,3,1658340.59,paid,9/17/2025
375,46,2484207.23,completed,5/19/2025
376,102,4078600.74,paid,9/12/2025
377,162,864762.37,cancelled,9/25/2025
378,33,758485.79,pending,6/8/2025
379,51,5003735.39,cancelled,9/2/2025
380,14,421200.77,paid,2/20/2026
381,155,4632735.06,cancelled,2/27/2025
382,71,5680892.95,shipped,9/29/2025
383,68,1461726.53,pending,11/16/2025
384,115,2448583.54,completed,8/18/2025
385,9,3782937.31,paid,12/13/2025
386,177,3741781.53,completed,11/9/2025
387,84,5467962.61,paid,6/26/2025
388,56,5871693.93,completed,6/7/2025
389,84,5824838.92,pending,7/10/2025
390,107,3477280.62,completed,9/17/2025
391,99,3115203.89,paid,1/11/2026
392,182,3451221.29,paid,3/25/2025
393,64,3952123.25,paid,12/19/2025
394,140,4045852.59,completed,4/12/2025
395,46,811976.25,completed,9/24/2025
396,79,2312497.03,paid,1/21/2026
397,61,1335256.51,paid,3/25/2025
398,91,2330912.31,pending,10/13/2025
399,171,830100.17,cancelled,6/4/2025
400,152,5992535.26,completed,1/18/2026
401,135,3496615.63,paid,8/28/2025
402,183,4037810.45,cancelled,2/11/2026
403,108,403273.01,pending,10/29/2025
404,113,3407982.01,completed,10/19/2025
405,171,2666208.49,pending,12/3/2025
406,87,564514.15,paid,1/21/2026
407,13,4587415.47,completed,12/19/2025
408,172,1340731.41,paid,1/19/2026
409,103,647424.02,pending,3/18/2025
410,173,4228436.48,pending,3/6/2025
411,97,641814.6,shipped,1/7/2026
412,89,3238117.31,completed,2/3/2026
413,31,2040977.48,paid,7/8/2025
414,26,1339781.58,cancelled,1/16/2026
415,106,2775272.55,cancelled,11/20/2025
416,88,1826576.23,completed,12/10/2025
417,91,3253529.08,shipped,8/20/2025
418,81,4122283.02,completed,10/25/2025
419,161,1031052.62,pending,6/17/2025
420,35,637424.74,pending,1/10/2026
421,6,1145868.45,pending,1/3/2026
422,145,2410494.31,completed,7/3/2025
423,54,3310806.66,pending,12/8/2025
424,41,5208889.18,completed,12/12/2025
425,100,4317130.57,completed,7/24/2025
426,4,5568184.42,shipped,12/4/2025
427,117,1243859.43,shipped,1/18/2026
428,139,5199403.01,shipped,9/9/2025
429,153,5908556.63,paid,8/2/2025
430,146,3015781.62,cancelled,1/17/2026
431,196,2868733.14,pending,4/1/2025
432,135,5427910.4,pending,9/18/2025
433,59,4472807.55,shipped,10/13/2025
434,168,5820952.6,pending,7/28/2025
435,176,4747929.6,paid,10/10/2025
436,11,438813.13,pending,4/27/2025
437,54,3016707.38,completed,1/3/2026
438,49,5050817.07,paid,1/11/2026
439,162,3814695.56,paid,1/24/2026
440,33,2748051.27,paid,3/1/2025
441,164,3714305.11,cancelled,4/18/2025
442,66,2332519.4,paid,7/9/2025
443,181,5551349.24,completed,9/30/2025
444,115,2304587.05,paid,6/25/2025
445,22,1777659,shipped,8/17/2025
446,21,1919340.56,completed,12/17/2025
447,132,5029495.55,paid,7/12/2025
448,34,894038.73,paid,6/26/2025
449,17,3542426.98,completed,12/5/2025
450,52,4611336.66,paid,8/1/2025
451,123,556371.59,cancelled,3/10/2025
452,46,3395955.12,pending,6/17/2025
453,155,4808134.59,cancelled,6/20/2025
454,18,2338871.16,shipped,4/28/2025
455,77,1531148,pending,12/15/2025
456,175,2902925.49,paid,3/1/2025
457,186,4767214,cancelled,10/7/2025
458,51,1500988.45,shipped,8/20/2025
459,77,2227276.97,cancelled,11/12/2025
460,15,1181068.96,cancelled,7/22/2025
461,65,5867918.27,paid,6/11/2025
462,149,4764088.36,shipped,9/24/2025
463,75,4562271.94,paid,9/26/2025
464,14,4556052.14,paid,8/9/2025
465,99,3819902.1,shipped,10/28/2025
466,188,5631637.77,shipped,12/5/2025
467,37,1845536.65,pending,4/29/2025
468,175,3220102.43,paid,4/8/2025
469,106,1804163.72,shipped,9/11/2025
470,33,4323268.37,completed,7/22/2025
471,131,2486864.72,pending,5/8/2025
472,62,3696322.14,pending,12/22/2025
473,160,5350882.99,pending,2/27/2025
474,106,4289568.1,cancelled,9/17/2025
475,133,2920329.74,paid,7/30/2025
476,156,2866578,paid,12/2/2025
477,177,918402.15,paid,6/12/2025
478,61,2345688.64,completed,7/3/2025
479,62,1633959.62,completed,6/5/2025
480,194,5941748.48,completed,8/15/2025
481,128,5207294.81,shipped,5/29/2025
482,68,3886247.35,completed,4/21/2025
483,115,2520308.87,paid,2/6/2026
484,167,3380263.66,completed,10/17/2025
485,4,3135752.36,paid,12/30/2025
486,187,2836868.11,cancelled,4/24/2025
487,90,450728.24,cancelled,11/2/2025
488,37,2263218.76,shipped,12/4/2025
489,50,4513638.51,pending,8/25/2025
490,119,3363089.44,completed,1/26/2026
491,44,3323482.32,cancelled,5/31/2025
492,46,1016647.97,pending,1/26/2026
493,84,468920.62,paid,8/9/2025
494,141,730178.9,shipped,4/27/2025
495,193,1987819.23,paid,12/30/2025
496,15,2839779.79,cancelled,7/14/2025
497,1,4701966.42,pending,1/6/2026
498,132,391552.92,paid,4/6/2025
499,10,2035137.41,pending,7/22/2025
500,9,2572951.65,completed,5/7/2025
501,142,4572788.49,shipped,8/20/2025
502,8,5366887.77,pending,1/12/2026
503,107,3645979.16,cancelled,4/2/2025
504,164,4234722.67,completed,1/17/2026
505,52,5714675.21,completed,3/23/2025
506,13,2403872.07,paid,11/5/2025
507,140,2820483.06,pending,12/24/2025
508,98,4061413.47,paid,8/22/2025
509,187,2466687.66,completed,9/25/2025
510,184,5109792.88,pending,6/12/2025
511,47,3261148.05,cancelled,2/1/2026
512,141,2759536.9,cancelled,9/9/2025
513,44,3526040.45,cancelled,2/26/2025
514,79,1325445.98,paid,7/31/2025
515,135,2120831.58,paid,10/26/2025
516,6,1836410.09,paid,3/11/2025
517,112,5287961.95,paid,10/27/2025
518,8,2157842.88,pending,3/25/2025
519,172,5842097.54,completed,10/30/2025
520,167,1344026.97,paid,3/8/2025
521,110,3180552.84,completed,3/31/2025
522,71,1209726.98,completed,3/29/2025
523,58,1164632.8,cancelled,8/20/2025
524,194,3634016.42,cancelled,6/26/2025
525,7,1994925.99,shipped,3/17/2025
526,68,2659099.72,cancelled,2/4/2026
527,195,673578.35,paid,6/12/2025
528,82,1713416.16,completed,2/21/2026
529,118,3475466.71,paid,7/24/2025
530,29,446616.55,shipped,5/30/2025
531,80,5265425.36,cancelled,2/3/2026
532,98,1342339.39,cancelled,4/18/2025
533,147,631517.11,cancelled,1/20/2026
534,30,1728822.36,shipped,12/15/2025
535,151,4436580.61,paid,5/8/2025
536,47,1509513.64,paid,7/8/2025
537,112,2754813.73,cancelled,6/15/2025
538,38,5165991.78,completed,5/25/2025
539,175,521266.64,pending,6/21/2025
540,60,2781958.36,paid,1/14/2026
541,198,4539700.32,paid,10/7/2025
542,165,3597256.72,cancelled,1/26/2026
543,10,4857701.4,completed,6/30/2025
544,102,1945873.94,completed,2/21/2026
545,72,3040046.44,paid,5/13/2025
546,141,2964034.84,cancelled,9/13/2025
547,112,4171293.66,pending,3/15/2025
548,77,2370283.73,pending,1/12/2026
549,157,329042.6,paid,7/10/2025
550,64,1669563.58,cancelled,11/21/2025
551,72,3203700.24,completed,3/3/2025
552,175,1974784.59,paid,4/19/2025
553,82,1585410.2,shipped,11/30/2025
554,188,1748717.44,shipped,7/1/2025
555,48,1354090.47,pending,12/20/2025
556,145,5360421.55,completed,6/15/2025
557,1,3241241.83,completed,8/23/2025
558,83,4334065.98,shipped,9/3/2025
559,61,3935008.41,shipped,10/11/2025
560,141,484788.5,paid,8/17/2025
561,134,1850855.46,pending,7/8/2025
562,61,5079073.02,shipped,11/3/2025
563,130,5833685.99,cancelled,12/31/2025
564,15,2709075.03,shipped,10/30/2025
565,95,4661440.05,cancelled,4/5/2025
566,112,2002853.2,completed,2/2/2026
567,113,3142383.33,paid,3/19/2025
568,164,2207186.13,cancelled,7/6/2025
569,160,1835406.08,pending,9/6/2025
570,105,4736702.19,paid,3/7/2025
571,165,2421759.16,cancelled,11/10/2025
572,65,687735.71,pending,6/28/2025
573,47,4722723.83,shipped,11/10/2025
574,89,3727282.56,cancelled,5/8/2025
575,19,3189347.12,completed,3/28/2025
576,59,2448527.25,paid,8/23/2025
577,23,1364537.9,completed,7/23/2025
578,57,3631966.94,shipped,1/7/2026
579,18,5251835.54,cancelled,9/25/2025
580,74,4172685.42,shipped,11/21/2025
581,33,4273475.56,completed,1/27/2026
582,170,5858477.83,paid,11/15/2025
583,69,2053476.6,pending,6/3/2025
584,29,5630350.54,cancelled,7/19/2025
585,79,3430031.35,completed,8/1/2025
586,66,2727361.85,shipped,12/25/2025
587,187,3115736.89,pending,4/20/2025
588,155,4997517.41,paid,9/25/2025
589,97,5267597.48,cancelled,10/24/2025
590,17,1537123.7,completed,6/15/2025
591,65,2171922.77,completed,5/11/2025
592,167,366817.75,shipped,2/28/2025
593,159,557745.49,pending,4/23/2025
594,143,5878892.41,paid,8/19/2025
595,158,1121950.58,paid,1/21/2026
596,167,597849.02,pending,8/1/2025
597,115,916853.49,paid,1/21/2026
598,60,3207440.39,completed,10/28/2025
599,155,5231564.85,completed,7/14/2025
600,139,726871.24,pending,9/26/2025
601,38,2065636.82,paid,7/3/2025
602,85,3835806.64,shipped,3/18/2025
603,101,5739259.87,cancelled,2/4/2026
604,94,4988014.7,pending,5/27/2025
605,52,530751.08,pending,11/4/2025
606,199,5943083.18,cancelled,7/2/2025
607,182,293966.12,cancelled,7/3/2025
608,5,4281317.03,completed,7/9/2025
609,179,2212420.68,shipped,9/29/2025
610,72,3714821.95,paid,12/28/2025
611,16,398180.15,cancelled,12/5/2025
612,12,2536191.39,pending,10/22/2025
613,182,3105140.46,shipped,8/12/2025
614,95,4955781.48,pending,3/22/2025
615,5,4582405.08,pending,4/7/2025
616,13,3131866.92,cancelled,8/12/2025
617,41,4422915.36,completed,1/4/2026
618,163,5766308.7,pending,1/18/2026
619,32,4356865.66,shipped,8/3/2025
620,60,1837816.28,completed,7/1/2025
621,88,287795.46,shipped,10/26/2025
622,150,1979700.37,paid,1/21/2026
623,24,4518143.01,cancelled,1/11/2026
624,199,5275250.93,completed,11/15/2025
625,57,1545831.96,paid,12/26/2025
626,69,2747917.09,shipped,4/5/2025
627,187,3381316.49,paid,9/29/2025
628,65,4416972.78,paid,10/21/2025
629,33,1775912.37,completed,2/24/2026
630,44,2299393.48,cancelled,7/21/2025
631,32,524253.95,pending,12/13/2025
632,20,5588697.66,paid,4/25/2025
633,68,693709.04,shipped,11/7/2025
634,76,3402723.49,cancelled,3/15/2025
635,128,2468060.83,paid,2/5/2026
636,44,1103204.86,cancelled,8/21/2025
637,111,2663064.44,completed,6/3/2025
638,11,3057170.13,shipped,2/13/2026
639,165,2676452.63,pending,1/3/2026
640,81,2961686.68,cancelled,6/7/2025
641,82,3269877.55,paid,7/4/2025
642,24,1268349.1,pending,11/9/2025
643,84,3709759.76,cancelled,12/27/2025
644,35,4508677.88,pending,5/1/2025
645,4,4587952.74,paid,7/10/2025
646,121,4661319.93,completed,4/22/2025
647,82,1417068.89,cancelled,4/14/2025
648,38,4879821.68,pending,7/30/2025
649,184,4553435.49,completed,2/21/2026
650,101,953256.48,pending,7/2/2025
651,111,1082515.2,shipped,5/25/2025
652,112,374899.08,completed,6/29/2025
653,84,789402.66,paid,1/20/2026
654,139,3077127.6,shipped,10/6/2025
655,151,699429.74,pending,5/18/2025
656,153,3872443.49,paid,12/13/2025
657,200,4231142.22,paid,6/1/2025
658,148,3964484.44,pending,12/28/2025
659,169,2604376.44,pending,3/22/2025
660,176,1517162.94,shipped,12/20/2025
661,30,4390841.57,completed,10/3/2025
662,12,4649763.17,paid,1/6/2026
663,12,4929703.77,pending,11/14/2025
664,20,4949922.79,paid,10/16/2025
665,157,1118208.15,cancelled,9/14/2025
666,89,360362.16,completed,1/23/2026
667,6,1379229.48,paid,5/27/2025
668,169,479232.47,shipped,11/17/2025
669,70,1548546.45,completed,6/16/2025
670,161,764623.37,shipped,4/24/2025
671,134,5952847.68,completed,6/16/2025
672,11,1696352.95,shipped,7/13/2025
673,30,4997970.39,completed,1/11/2026
674,72,4973857.36,pending,2/26/2025
675,98,4104050.3,completed,4/10/2025
676,43,3075763.38,paid,8/27/2025
677,128,3174400.27,pending,10/31/2025
678,170,2487602.91,completed,10/21/2025
679,118,3813359.16,pending,1/14/2026
680,17,2356977.2,paid,8/7/2025
681,56,1045992.63,pending,8/13/2025
682,2,4456030.3,pending,12/5/2025
683,122,5411841.91,cancelled,5/14/2025
684,101,887166.11,cancelled,7/9/2025
685,49,3467650.96,shipped,10/10/2025
686,137,197759.19,cancelled,11/13/2025
687,107,1703845.28,paid,1/19/2026
688,43,2701033.3,cancelled,1/11/2026
689,156,1476339.15,cancelled,5/13/2025
690,91,5976053.81,pending,2/1/2026
691,18,3711459.07,completed,2/24/2026
692,95,5543757.17,cancelled,10/9/2025
693,175,3178276.56,completed,2/20/2026
694,5,1767705.89,shipped,12/20/2025
695,78,3667164.3,cancelled,4/6/2025
696,93,5762881.84,cancelled,5/23/2025
697,78,1001357.19,completed,2/21/2026
698,169,4994479.33,shipped,5/1/2025
699,1,759212.13,paid,6/15/2025
700,147,3086228.01,completed,1/16/2026
701,29,1229920.58,paid,9/4/2025
702,61,5763294.22,shipped,8/28/2025
703,125,2415112.97,cancelled,1/12/2026
704,25,1374954.05,cancelled,2/12/2026
705,180,477462.5,shipped,12/13/2025
706,161,4231856.89,pending,1/11/2026
707,109,2836670.41,cancelled,2/18/2026
708,76,4716599.93,shipped,2/20/2026
709,104,5010029.1,cancelled,6/7/2025
710,182,758940.2,pending,12/29/2025
711,91,5221530.37,paid,10/16/2025
712,25,2802608.61,paid,5/2/2025
713,81,3575681.41,pending,1/11/2026
714,5,1661647.11,completed,5/11/2025
715,98,3169366.88,shipped,3/22/2025
716,40,4471137.4,paid,8/19/2025
717,58,2195048.81,completed,11/25/2025
718,174,3230578.43,completed,11/21/2025
719,12,3606116.63,cancelled,1/10/2026
720,149,256533.41,pending,9/21/2025
721,19,4296419.81,cancelled,4/4/2025
722,200,4025008.38,shipped,12/5/2025
723,88,344752.36,completed,12/26/2025
724,77,1180797.42,completed,11/6/2025
725,17,4912981.31,pending,4/19/2025
726,60,1369514.83,pending,12/18/2025
727,15,3843027.65,paid,6/21/2025
728,187,3911727.95,completed,11/23/2025
729,44,2915010.36,cancelled,8/10/2025
730,122,338643.82,completed,1/22/2026
731,27,4305603.72,completed,7/19/2025
732,105,1487769.59,completed,11/16/2025
733,73,4782916.75,shipped,2/14/2026
734,75,4786301.82,pending,9/23/2025
735,190,3312388.52,pending,7/22/2025
736,132,529297.09,completed,1/24/2026
737,67,2891809.64,paid,1/8/2026
738,51,1560660.96,shipped,10/22/2025
739,73,2722270.39,cancelled,1/8/2026
740,176,3040817.91,shipped,10/29/2025
741,86,3762168.19,pending,9/5/2025
742,17,2950586.37,paid,8/14/2025
743,77,4919926.66,pending,5/20/2025
744,130,1726352.23,paid,1/4/2026
745,78,4066179.88,paid,2/4/2026
746,164,3383404.79,shipped,1/5/2026
747,115,837240.68,cancelled,8/27/2025
748,90,2123480.58,paid,11/2/2025
749,111,2571383.91,shipped,9/13/2025
750,158,4076859.24,paid,10/16/2025
751,119,5886308.05,pending,2/24/2026
752,145,1010999.16,paid,4/27/2025
753,104,5218217.35,shipped,6/4/2025
754,23,2731409.35,paid,10/17/2025
755,169,5793919.28,completed,9/28/2025
756,151,5173502.63,completed,8/26/2025
757,193,5973622.49,cancelled,3/10/2025
758,178,697933.72,completed,11/13/2025
759,155,1105458.47,cancelled,6/30/2025
760,46,530722.87,completed,4/21/2025
761,85,5073833.68,paid,10/19/2025
762,187,3325646.61,pending,7/12/2025
763,104,1495425.26,paid,11/20/2025
764,149,4040661.54,cancelled,12/9/2025
765,153,5462507.41,paid,9/2/2025
766,198,4967935.08,cancelled,8/14/2025
767,8,3236031.23,shipped,8/9/2025
768,100,2116814.63,paid,1/2/2026
769,42,4880343.6,shipped,7/29/2025
770,68,4089982.13,pending,1/11/2026
771,41,1656174.45,completed,9/10/2025
772,88,4112859.4,completed,5/12/2025
773,96,5129298.82,paid,1/22/2026
774,86,2937009.5,pending,9/28/2025
775,200,2127145.18,completed,2/14/2026
776,121,5223942.76,completed,8/28/2025
777,131,5106526.56,paid,10/18/2025
778,43,3176964.33,paid,6/29/2025
779,10,946324.87,cancelled,7/13/2025
780,60,5532038.66,cancelled,3/16/2025
781,104,4626896.26,paid,10/21/2025
782,179,3928345.07,paid,9/6/2025
783,165,4087261.37,shipped,11/21/2025
784,90,225446.06,paid,4/9/2025
785,32,3057139.63,paid,8/12/2025
786,38,1020456.88,completed,5/12/2025
787,139,628549.89,completed,8/17/2025
788,47,4160433.04,completed,6/23/2025
789,31,5263968.69,paid,11/8/2025
790,140,1668513.71,pending,3/8/2025
791,14,1213999.4,shipped,1/18/2026
792,47,4130364.18,paid,2/10/2026
793,123,5843879.9,completed,8/20/2025
794,117,5999579.85,cancelled,12/21/2025
795,67,4127480.29,completed,6/10/2025
796,5,4973657.24,pending,6/21/2025
797,120,796033.3,pending,8/8/2025
798,190,3489724.97,completed,7/8/2025
799,189,3268602.19,cancelled,8/1/2025
800,2,3893244.88,paid,8/29/2025
801,197,3888102.56,shipped,7/5/2025
802,143,2659175.78,shipped,9/18/2025
803,87,5801252.95,completed,5/9/2025
804,106,546843.88,completed,10/28/2025
805,1,1664894.47,shipped,3/11/2025
806,76,2171789.07,shipped,4/2/2025
807,83,5053275.25,shipped,2/27/2025
808,24,3308517.24,paid,6/16/2025
809,76,1212254.63,pending,5/5/2025
810,155,713140.21,completed,3/28/2025
811,13,3941816.02,paid,5/7/2025
812,86,1164961.24,pending,9/23/2025
813,94,4560804.52,pending,5/23/2025
814,169,1643691.06,shipped,9/17/2025
815,90,1903112.83,completed,6/26/2025
816,196,5722761.43,completed,7/14/2025
817,95,857729.64,pending,7/12/2025
818,166,1401930.52,pending,11/8/2025
819,184,3909776.27,cancelled,10/25/2025
820,99,242226.26,completed,5/26/2025
821,51,1410127.83,completed,4/10/2025
822,185,3047343.97,paid,8/14/2025
823,16,5306772.34,shipped,6/23/2025
824,95,5350122.02,pending,9/2/2025
825,76,1260082.13,paid,1/2/2026
826,63,4013683.2,cancelled,10/4/2025
827,41,5128517.87,pending,3/5/2025
828,107,2329945.33,pending,10/2/2025
829,132,3653686.17,paid,11/28/2025
830,51,2530827.08,paid,12/31/2025
831,22,2498977.64,paid,9/17/2025
832,125,5321329.33,pending,3/8/2025
833,152,395581.87,paid,1/28/2026
834,189,3804964.85,completed,2/22/2026
835,137,3565825.17,pending,4/26/2025
836,72,223964.73,shipped,11/30/2025
837,142,2587533.39,completed,6/10/2025
838,56,1755279.04,shipped,10/24/2025
839,55,5238475.25,pending,7/25/2025
840,138,2429056.68,shipped,6/18/2025
841,150,194599.45,shipped,9/25/2025
842,21,340124.78,pending,3/9/2025
843,102,3257865.04,shipped,8/18/2025
844,174,5638298.97,cancelled,4/30/2025
845,123,1359715.26,completed,7/27/2025
846,26,3645829.63,completed,8/7/2025
847,182,1122044.9,completed,9/19/2025
848,168,1787105.63,completed,5/30/2025
849,169,3981860.56,paid,8/15/2025
850,116,285540.59,pending,6/26/2025
851,37,4023805.62,paid,8/25/2025
852,157,4756269.8,pending,11/10/2025
853,112,1629415.05,shipped,9/4/2025
854,73,2916685.83,completed,2/15/2026
855,79,5068533.6,completed,10/23/2025
856,136,1560869.86,shipped,9/9/2025
857,64,5021775.69,shipped,9/3/2025
858,79,5062826.72,cancelled,8/1/2025
859,47,2960334.12,paid,11/21/2025
860,45,5075955.42,paid,5/9/2025
861,196,5467817.96,pending,12/29/2025
862,180,2750401.29,completed,5/27/2025
863,59,2730288.28,paid,8/18/2025
864,4,1924264.83,pending,11/13/2025
865,29,4136327.98,shipped,8/18/2025
866,97,3240235.12,paid,1/7/2026
867,190,1371284.75,completed,11/14/2025
868,194,3811500.29,paid,7/21/2025
869,128,1719179.74,shipped,5/27/2025
870,44,1107036.48,paid,2/18/2026
871,178,2563460.53,completed,11/8/2025
872,131,4046444.46,pending,6/10/2025
873,112,4455875.37,cancelled,7/6/2025
874,144,5534069.94,pending,9/17/2025
875,149,2474936.3,completed,1/3/2026
876,131,2017023.65,pending,2/4/2026
877,141,4505842.46,completed,2/15/2026
878,80,2365815.36,paid,6/10/2025
879,106,1382570.74,completed,3/4/2025
880,35,4061614.27,completed,3/9/2025
881,60,4354573.03,shipped,1/25/2026
882,3,2344788.99,completed,5/19/2025
883,148,2479763.19,shipped,11/23/2025
884,95,290005.18,pending,3/14/2025
885,104,1402504.86,completed,5/19/2025
886,119,3086580.57,paid,1/7/2026
887,21,3980873.3,completed,9/20/2025
888,141,5599516.68,completed,4/29/2025
889,174,650047.26,paid,3/28/2025
890,150,5167204.85,paid,4/23/2025
891,130,4850197.38,shipped,8/3/2025
892,133,5802101.21,paid,10/4/2025
893,108,1233200.04,pending,11/24/2025
894,138,5476553.73,shipped,3/21/2025
895,48,1130707.33,paid,12/27/2025
896,161,2309259.36,completed,12/24/2025
897,25,1230409.5,paid,8/2/2025
898,160,1272494.25,cancelled,9/28/2025
899,141,5058308.91,shipped,8/1/2025
900,159,3740761.91,paid,12/4/2025
901,49,1231729.47,cancelled,5/26/2025
902,83,486360.24,completed,8/9/2025
903,153,4990768.25,shipped,7/1/2025
904,131,4030036.67,paid,10/7/2025
905,198,416868.23,pending,7/28/2025
906,186,3718089.37,completed,1/30/2026
907,87,1991122.98,cancelled,5/26/2025
908,96,5491818.56,paid,8/19/2025
909,134,5494686.06,shipped,11/28/2025
910,133,2407650.23,shipped,10/16/2025
911,137,2898788.57,shipped,2/11/2026
912,124,2514239.64,paid,1/9/2026
913,145,5455508.72,paid,3/7/2025
914,34,1775748.8,pending,7/11/2025
915,27,888704.13,pending,6/6/2025
916,119,633500.52,paid,7/12/2025
917,56,3999520.61,paid,7/20/2025
918,84,5350352.54,cancelled,3/18/2025
919,200,758418.99,pending,9/1/2025
920,31,1467850.18,cancelled,9/4/2025
921,2,1466268.46,shipped,8/5/2025
922,162,298580.69,pending,12/1/2025
923,145,1814414.59,cancelled,5/1/2025
924,170,1182961.68,shipped,5/6/2025
925,111,5146799.21,cancelled,10/24/2025
926,49,1075011.77,pending,9/12/2025
927,190,235987.72,shipped,10/31/2025
928,101,1609264.16,paid,12/1/2025
929,72,796903.33,paid,12/2/2025
930,177,1423276.81,completed,1/20/2026
931,134,1812050.12,pending,8/29/2025
932,105,4446280.97,completed,11/12/2025
933,141,1288067.16,cancelled,8/16/2025
934,157,846392.78,paid,12/6/2025
935,6,1211172.01,cancelled,5/26/2025
936,200,2075002.03,completed,3/19/2025
937,11,4096046.76,completed,8/16/2025
938,70,3121799.79,paid,10/7/2025
939,129,4196405.3,pending,1/20/2026
940,103,5039085.74,cancelled,2/3/2026
941,47,4873045.74,shipped,2/8/2026
942,191,1774217.41,shipped,1/2/2026
943,22,1379554.23,cancelled,5/2/2025
944,3,3454558.56,paid,10/10/2025
945,127,3081836.05,cancelled,10/28/2025
946,98,5424467.84,shipped,11/23/2025
947,141,2367039.23,paid,8/10/2025
948,170,2352937.29,paid,4/5/2025
949,125,3014063.9,pending,5/2/2025
950,79,2052146.93,shipped,3/9/2025
951,150,4815830.63,completed,4/19/2025
952,110,185367.27,shipped,11/15/2025
953,94,2414686.81,completed,6/26/2025
954,173,2892418.83,paid,8/30/2025
955,111,3978760.62,cancelled,6/6/2025
956,54,305339.92,pending,5/15/2025
957,75,4685087.01,pending,12/6/2025
958,162,3298411.74,cancelled,4/21/2025
959,117,5129332.35,pending,6/3/2025
960,12,563895.82,pending,7/5/2025
961,50,1788318.94,cancelled,4/18/2025
962,84,2312027.07,completed,4/1/2025
963,59,1605277.72,completed,9/7/2025
964,43,5539283.87,cancelled,2/26/2025
965,126,5906083.8,cancelled,11/8/2025
966,41,258613.19,cancelled,8/8/2025
967,132,1964234.85,shipped,1/27/2026
968,38,300691.79,pending,4/22/2025
969,10,3764771.53,paid,8/5/2025
970,139,3041371.22,paid,2/16/2026
971,151,2290038.02,shipped,1/2/2026
972,157,1774187.3,completed,4/3/2025
973,14,1040286.59,cancelled,5/31/2025
974,91,424283.17,paid,11/26/2025
975,79,3021089.18,shipped,7/18/2025
976,27,4156263.35,pending,7/2/2025
977,4,2747373.5,paid,5/20/2025
978,6,4016358.42,cancelled,11/4/2025
979,109,1115144.73,cancelled,7/27/2025
980,98,4341325.87,completed,10/19/2025
981,48,2482906.1,pending,4/8/2025
982,129,589912.47,completed,3/13/2025
983,85,1367162.04,completed,7/11/2025
984,200,1132202.22,shipped,4/2/2025
985,78,4673018.99,pending,1/28/2026
986,148,4335725.41,shipped,8/10/2025
987,137,4917133.39,paid,6/19/2025
988,146,3510388.71,paid,12/4/2025
989,176,4458326.15,shipped,10/7/2025
990,37,4815448.15,cancelled,5/4/2025
991,129,833584.04,shipped,4/17/2025
992,157,1808575.25,paid,12/16/2025
993,88,4542311.71,shipped,7/16/2025
994,35,1578396.53,shipped,3/31/2025
995,137,814824.73,paid,5/1/2025
996,196,3258054.29,shipped,10/11/2025
997,149,354708.99,pending,1/28/2026
998,30,2908640.47,paid,4/19/2025
999,22,1250640.61,completed,6/5/2025
1000,159,4493532.9,cancelled,1/3/2026
